FileName,PokemonName,Label,Set
1.jpg,Raichu,26,train
2.jpg,Raichu,26,train
3.jpg,Raichu,26,train
4.jpg,Raichu,26,train
5.jpg,Raichu,26,train
6.jpg,Raichu,26,train
7.jpg,Raichu,26,train
8.jpg,Raichu,26,train
9.jpg,Raichu,26,train
10.jpg,Raichu,26,train
11.jpg,Voltorb,100,val
12.jpg,Voltorb,100,train
13.jpg,Voltorb,100,train
14.jpg,Voltorb,100,train
15.jpg,Voltorb,100,test
16.jpg,Voltorb,100,test
17.jpg,Voltorb,100,test
18.jpg,Voltorb,100,test
19.jpg,Voltorb,100,val
20.jpg,Voltorb,100,test
21.jpg,Kangaskhan,115,train
22.jpg,Kangaskhan,115,test
23.jpg,Kangaskhan,115,test
24.jpg,Kangaskhan,115,val
25.jpg,Kangaskhan,115,train
26.jpg,Kangaskhan,115,train
27.jpg,Kangaskhan,115,val
28.jpg,Kangaskhan,115,train
29.jpg,Kangaskhan,115,train
30.jpg,Kangaskhan,115,train
31.jpg,Ninetales,38,val
32.jpg,Ninetales,38,train
33.jpg,Ninetales,38,train
34.jpeg,Ninetales,38,test
35.jpg,Ninetales,38,val
36.jpg,Ninetales,38,val
37.jpg,Ninetales,38,train
38.jpg,Ninetales,38,val
39.jpg,Ninetales,38,train
40.jpg,Ninetales,38,train
41.png,Charmander,4,train
42.jpg,Charmander,4,val
43.jpg,Charmander,4,test
44.jpg,Charmander,4,train
45.png,Charmander,4,train
46.jpg,Charmander,4,train
47.jpg,Charmander,4,train
48.png,Charmander,4,train
49.jpg,Charmander,4,train
50.jpg,Charmander,4,train
51.jpg,Arbok,24,train
52.jpg,Arbok,24,train
53.jpg,Arbok,24,val
54.jpg,Arbok,24,test
55.jpg,Arbok,24,train
56.jpg,Arbok,24,train
57.jpg,Arbok,24,train
58.jpg,Arbok,24,train
59.jpg,Arbok,24,train
60.jpg,Arbok,24,train
61.jpg,Haunter,93,train
62.jpg,Haunter,93,test
63.jpg,Haunter,93,train
64.jpg,Haunter,93,test
65.jpg,Haunter,93,train
66.jpg,Haunter,93,train
67.jpg,Haunter,93,train
68.jpg,Haunter,93,train
69.jpg,Haunter,93,train
70.jpg,Haunter,93,train
71.jpg,Dugtrio,51,train
72.jpg,Dugtrio,51,test
73.jpg,Dugtrio,51,train
74.jpg,Dugtrio,51,test
75.jpg,Dugtrio,51,train
76.jpg,Dugtrio,51,train
77.jpg,Dugtrio,51,train
78.jpg,Dugtrio,51,train
79.jpg,Dugtrio,51,train
80.jpg,Dugtrio,51,train
81.jpg,Weezing,110,train
82.jpg,Weezing,110,test
83.jpg,Weezing,110,test
84.jpg,Weezing,110,train
85.jpg,Weezing,110,train
86.jpg,Weezing,110,train
87.jpg,Weezing,110,val
88.jpg,Weezing,110,train
89.jpg,Weezing,110,train
90.jpg,Weezing,110,train
91.jpg,Golem,76,test
92.jpg,Golem,76,train
93.jpg,Golem,76,train
94.jpg,Golem,76,train
95.jpg,Golem,76,val
96.jpg,Golem,76,val
97.jpg,Golem,76,val
98.jpg,Golem,76,train
99.jpg,Golem,76,train
100.jpg,Golem,76,train
101.jpg,Chansey,113,train
102.jpg,Chansey,113,test
103.jpeg,Chansey,113,train
104.jpg,Chansey,113,train
105.jpg,Chansey,113,test
106.jpg,Chansey,113,train
107.jpg,Chansey,113,train
108.jpg,Chansey,113,val
109.jpg,Chansey,113,train
110.jpg,Chansey,113,train
111.jpg,Clefable,36,train
112.jpg,Clefable,36,train
113.jpg,Clefable,36,train
114.jpg,Clefable,36,train
115.jpg,Clefable,36,test
116.jpg,Clefable,36,train
117.jpg,Clefable,36,train
118.jpg,Clefable,36,train
119.jpg,Clefable,36,train
120.jpg,Clefable,36,test
121.jpg,Grimer,88,train
122.jpg,Grimer,88,train
123.jpg,Grimer,88,test
124.jpg,Grimer,88,train
125.jpg,Grimer,88,train
126.jpg,Grimer,88,train
127.jpg,Grimer,88,train
128.jpg,Grimer,88,train
129.jpg,Grimer,88,test
130.jpg,Grimer,88,train
131.jpg,Omanyte,138,train
132.jpg,Omanyte,138,train
133.jpg,Omanyte,138,val
134.jpg,Omanyte,138,train
135.jpg,Omanyte,138,val
136.jpg,Omanyte,138,train
137.jpg,Omanyte,138,val
138.jpg,Omanyte,138,train
139.jpg,Omanyte,138,train
140.jpg,Omanyte,138,train
141.jpg,Rhydon,112,test
142.jpg,Rhydon,112,train
143.jpg,Rhydon,112,train
144.jpg,Rhydon,112,train
145.jpg,Rhydon,112,train
146.jpg,Rhydon,112,train
147.jpg,Rhydon,112,train
148.jpg,Rhydon,112,train
149.jpg,Rhydon,112,train
150.jpg,Rhydon,112,val
151.jpg,Graveler,75,train
152.jpg,Graveler,75,train
153.jpg,Graveler,75,train
154.jpg,Graveler,75,test
155.jpg,Graveler,75,val
156.jpg,Graveler,75,train
157.jpg,Graveler,75,test
158.jpg,Graveler,75,val
159.jpg,Graveler,75,train
161.jpg,Kabutops,141,train
162.jpg,Kabutops,141,train
163.jpg,Kabutops,141,train
164.jpg,Kabutops,141,train
165.jpg,Kabutops,141,test
166.jpg,Kabutops,141,train
167.jpg,Kabutops,141,train
168.jpg,Kabutops,141,train
169.jpg,Kabutops,141,val
170.jpg,Kabutops,141,train
171.jpg,Tentacruel,73,val
172.jpg,Tentacruel,73,train
173.jpg,Tentacruel,73,val
174.jpg,Tentacruel,73,train
175.jpg,Tentacruel,73,train
176.jpg,Tentacruel,73,train
177.jpg,Tentacruel,73,train
178.jpg,Tentacruel,73,train
179.jpg,Tentacruel,73,train
180.jpg,Tentacruel,73,train
181.jpg,Golbat,42,test
182.jpg,Golbat,42,train
183.jpg,Golbat,42,train
184.jpg,Golbat,42,test
185.jpg,Golbat,42,val
186.jpg,Golbat,42,train
187.jpg,Golbat,42,train
188.jpg,Golbat,42,train
189.jpg,Golbat,42,train
190.jpg,Golbat,42,train
191.jpeg,Pikachu,25,train
192.png,Pikachu,25,train
193.jpg,Pikachu,25,train
194.jpg,Pikachu,25,train
195.png,Pikachu,25,train
196.jpg,Pikachu,25,train
197.png,Pikachu,25,train
198.jpg,Pikachu,25,train
199.jpg,Pikachu,25,val
200.jpg,Pikachu,25,train
201.jpg,Arcanine,59,train
202.jpg,Arcanine,59,train
203.jpg,Arcanine,59,train
204.jpg,Arcanine,59,test
205.jpg,Arcanine,59,val
206.jpg,Arcanine,59,test
207.jpg,Arcanine,59,train
208.jpg,Arcanine,59,test
209.jpg,Arcanine,59,train
210.jpg,Arcanine,59,val
211.jpg,Omastar,139,train
212.jpg,Omastar,139,train
213.jpg,Omastar,139,test
214.jpg,Omastar,139,val
215.jpg,Omastar,139,train
216.jpg,Omastar,139,train
217.jpg,Omastar,139,train
218.jpg,Omastar,139,train
219.jpg,Omastar,139,test
220.jpg,Omastar,139,test
221.jpg,Vaporeon,134,train
222.jpg,Vaporeon,134,test
223.jpg,Vaporeon,134,train
224.jpg,Vaporeon,134,train
225.jpg,Vaporeon,134,train
226.jpg,Vaporeon,134,test
227.jpg,Vaporeon,134,test
228.jpg,Vaporeon,134,train
229.jpg,Vaporeon,134,train
230.jpg,Vaporeon,134,train
231.jpg,Magnemite,81,train
232.jpg,Magnemite,81,train
233.jpg,Magnemite,81,test
234.jpg,Magnemite,81,train
235.jpg,Magnemite,81,train
236.jpg,Magnemite,81,train
237.jpg,Magnemite,81,val
238.jpg,Magnemite,81,train
239.jpg,Magnemite,81,test
240.jpg,Magnemite,81,test
241.jpg,Kadabra,64,train
242.jpg,Kadabra,64,train
243.jpg,Kadabra,64,train
244.jpg,Kadabra,64,train
245.jpg,Kadabra,64,train
246.jpg,Kadabra,64,train
247.jpg,Kadabra,64,train
248.jpg,Kadabra,64,val
249.jpg,Kadabra,64,train
250.jpg,Kadabra,64,val
251.jpg,Tauros,128,val
252.jpg,Tauros,128,train
253.jpg,Tauros,128,train
254.jpg,Tauros,128,train
255.jpg,Tauros,128,train
256.jpg,Tauros,128,train
257.jpg,Tauros,128,train
258.jpg,Tauros,128,val
259.jpg,Tauros,128,train
260.jpg,Tauros,128,val
261.jpg,Weedle,13,train
262.jpg,Weedle,13,train
263.jpg,Weedle,13,train
264.jpg,Weedle,13,train
265.jpg,Weedle,13,val
266.jpg,Weedle,13,train
267.jpg,Weedle,13,train
268.jpg,Weedle,13,train
269.jpg,Weedle,13,train
270.jpg,Weedle,13,train
271.jpg,Geodude,74,val
272.jpg,Geodude,74,train
273.jpg,Geodude,74,train
274.jpg,Geodude,74,train
275.jpg,Geodude,74,train
276.jpg,Geodude,74,val
277.jpg,Geodude,74,train
278.jpg,Geodude,74,train
279.jpg,Geodude,74,val
280.jpg,Geodude,74,train
281.jpg,Vulpix,37,train
282.jpg,Vulpix,37,train
283.jpg,Vulpix,37,train
284.jpg,Vulpix,37,train
285.jpg,Vulpix,37,train
286.jpg,Vulpix,37,val
287.jpg,Vulpix,37,train
288.jpg,Vulpix,37,train
289.jpg,Vulpix,37,train
290.jpg,Vulpix,37,train
291.jpg,Exeggcute,102,train
292.jpg,Exeggcute,102,val
293.jpg,Exeggcute,102,train
294.jpg,Exeggcute,102,train
295.jpg,Exeggcute,102,val
296.jpg,Exeggcute,102,train
297.jpg,Exeggcute,102,test
298.jpg,Exeggcute,102,train
299.jpg,Exeggcute,102,test
300.jpg,Exeggcute,102,train
301.jpg,Golduck,55,train
302.jpg,Golduck,55,train
303.jpg,Golduck,55,val
304.jpg,Golduck,55,train
305.jpg,Golduck,55,train
306.jpg,Golduck,55,test
307.jpg,Golduck,55,val
308.jpg,Golduck,55,val
309.jpg,Golduck,55,train
310.jpg,Golduck,55,train
311.jpg,Hitmonlee,106,train
312.jpg,Hitmonlee,106,val
313.jpg,Hitmonlee,106,train
314.jpg,Hitmonlee,106,test
315.jpg,Hitmonlee,106,train
316.jpg,Hitmonlee,106,train
317.jpg,Hitmonlee,106,val
318.jpg,Hitmonlee,106,train
319.jpg,Hitmonlee,106,train
320.jpg,Hitmonlee,106,train
321.jpg,Tangela,114,train
322.jpg,Tangela,114,train
323.jpg,Tangela,114,train
324.jpg,Tangela,114,train
325.jpg,Tangela,114,test
326.jpg,Tangela,114,train
327.jpg,Tangela,114,val
328.jpg,Tangela,114,val
329.jpg,Tangela,114,train
330.jpg,Tangela,114,train
331.jpg,Doduo,84,val
332.jpg,Doduo,84,train
333.jpg,Doduo,84,train
334.jpg,Doduo,84,train
335.jpg,Doduo,84,train
336.jpg,Doduo,84,train
337.jpg,Doduo,84,train
338.jpg,Doduo,84,val
339.jpg,Doduo,84,train
340.jpg,Doduo,84,test
341.jpg,Oddish,43,test
342.jpg,Oddish,43,train
343.jpg,Oddish,43,train
344.jpg,Oddish,43,train
345.jpg,Oddish,43,train
346.jpg,Oddish,43,train
347.jpg,Oddish,43,train
348.jpg,Oddish,43,train
349.jpg,Oddish,43,val
350.jpg,Oddish,43,train
351.jpg,Clefairy,35,test
352.jpg,Clefairy,35,train
353.jpg,Clefairy,35,val
354.jpg,Clefairy,35,train
355.jpg,Clefairy,35,train
356.jpg,Clefairy,35,train
357.jpg,Clefairy,35,train
358.jpg,Clefairy,35,val
359.jpg,Clefairy,35,train
360.jpg,Clefairy,35,train
361.jpg,Starmie,121,train
362.jpg,Starmie,121,val
363.jpg,Starmie,121,train
364.jpg,Starmie,121,train
365.jpg,Starmie,121,val
366.jpg,Starmie,121,train
367.jpg,Starmie,121,train
368.jpg,Starmie,121,train
369.jpg,Starmie,121,test
370.jpg,Starmie,121,val
371.jpg,Seel,86,train
372.jpg,Seel,86,train
373.jpg,Seel,86,train
374.jpg,Seel,86,train
375.jpg,Seel,86,train
376.jpg,Seel,86,train
377.jpg,Seel,86,test
378.jpg,Seel,86,train
379.jpg,Seel,86,train
380.jpg,Seel,86,train
381.jpg,Wigglytuff,40,train
382.jpg,Wigglytuff,40,train
383.jpg,Wigglytuff,40,train
384.jpg,Wigglytuff,40,train
385.jpg,Wigglytuff,40,test
386.jpg,Wigglytuff,40,train
387.jpg,Wigglytuff,40,train
388.jpg,Wigglytuff,40,train
389.jpg,Wigglytuff,40,val
390.jpg,Wigglytuff,40,val
391.jpg,Psyduck,54,train
392.jpg,Psyduck,54,test
393.jpg,Psyduck,54,train
394.jpg,Psyduck,54,train
395.jpg,Psyduck,54,test
396.jpg,Psyduck,54,train
397.jpg,Psyduck,54,train
398.jpg,Psyduck,54,train
399.jpg,Psyduck,54,val
400.jpg,Psyduck,54,train
401.jpg,Fearow,22,train
402.jpg,Fearow,22,val
403.jpg,Fearow,22,train
404.jpg,Fearow,22,test
405.jpg,Fearow,22,val
406.jpg,Fearow,22,train
407.jpg,Fearow,22,train
408.jpg,Fearow,22,train
409.jpg,Fearow,22,train
410.jpg,Fearow,22,train
411.jpg,Sandslash,28,val
412.jpg,Sandslash,28,test
413.jpg,Sandslash,28,train
414.jpg,Sandslash,28,val
415.jpg,Sandslash,28,val
416.jpg,Sandslash,28,test
417.jpg,Sandslash,28,train
418.jpg,Sandslash,28,train
419.jpg,Sandslash,28,train
420.jpg,Sandslash,28,val
421.jpg,Marowak,105,val
422.jpg,Marowak,105,train
423.jpg,Marowak,105,train
424.jpg,Marowak,105,val
425.jpg,Marowak,105,val
426.jpg,Marowak,105,test
427.jpg,Marowak,105,val
428.jpg,Marowak,105,train
429.jpg,Marowak,105,train
430.jpg,Marowak,105,train
431.jpg,Paras,46,test
432.jpg,Paras,46,train
433.jpg,Paras,46,train
434.jpg,Paras,46,train
435.jpg,Paras,46,test
436.jpg,Paras,46,train
437.jpg,Paras,46,train
438.jpg,Paras,46,val
439.jpg,Paras,46,train
440.jpg,Paras,46,train
441.jpg,Rattata,19,train
442.jpg,Rattata,19,test
443.jpg,Rattata,19,train
444.jpg,Rattata,19,train
445.jpg,Rattata,19,train
446.jpg,Rattata,19,val
447.jpg,Rattata,19,train
448.jpg,Rattata,19,train
449.jpg,Rattata,19,train
450.jpg,Rattata,19,val
451.jpg,Bellsprout,69,val
452.jpg,Bellsprout,69,train
453.jpg,Bellsprout,69,train
454.jpg,Bellsprout,69,train
455.jpg,Bellsprout,69,train
456.jpg,Bellsprout,69,train
457.jpg,Bellsprout,69,train
458.jpg,Bellsprout,69,train
459.jpg,Bellsprout,69,train
460.jpg,Bellsprout,69,train
461.jpg,Dodrio,85,train
462.jpg,Dodrio,85,train
463.jpg,Dodrio,85,val
464.jpg,Dodrio,85,train
465.jpg,Dodrio,85,train
466.jpg,Dodrio,85,train
467.jpg,Dodrio,85,train
468.jpg,Dodrio,85,train
469.jpg,Dodrio,85,val
470.jpg,Dodrio,85,train
471.jpg,Scyther,123,train
472.jpg,Scyther,123,train
473.jpg,Scyther,123,train
474.jpg,Scyther,123,test
475.jpg,Scyther,123,train
476.jpg,Scyther,123,train
477.jpg,Scyther,123,val
478.jpg,Scyther,123,train
479.jpg,Scyther,123,train
480.jpg,Scyther,123,test
481.jpg,Butterfree,12,test
482.jpg,Butterfree,12,train
483.jpg,Butterfree,12,train
484.jpg,Butterfree,12,test
485.jpg,Butterfree,12,train
486.jpg,Butterfree,12,train
487.jpg,Butterfree,12,train
488.jpg,Butterfree,12,val
489.jpg,Butterfree,12,train
490.jpg,Butterfree,12,train
491.jpg,Wartortle,8,train
492.jpg,Wartortle,8,test
493.jpg,Wartortle,8,train
494.jpg,Wartortle,8,train
495.jpg,Wartortle,8,train
496.jpg,Wartortle,8,train
497.jpg,Wartortle,8,train
498.jpg,Wartortle,8,train
499.jpg,Wartortle,8,train
500.jpg,Wartortle,8,train
501.jpg,Goldeen,118,train
502.jpg,Goldeen,118,train
503.jpg,Goldeen,118,train
504.jpg,Goldeen,118,test
505.jpg,Goldeen,118,val
506.jpg,Goldeen,118,train
507.jpg,Goldeen,118,val
508.jpg,Goldeen,118,train
509.jpg,Goldeen,118,train
510.jpg,Goldeen,118,train
511.jpg,Caterpie,10,val
512.jpg,Caterpie,10,train
513.jpg,Caterpie,10,test
514.jpg,Caterpie,10,train
515.jpg,Caterpie,10,test
516.jpg,Caterpie,10,val
517.jpg,Caterpie,10,test
518.jpg,Caterpie,10,train
519.jpg,Caterpie,10,test
520.jpg,Caterpie,10,train
521.jpg,Articuno,144,train
522.jpg,Articuno,144,train
523.jpg,Articuno,144,train
524.jpg,Articuno,144,train
525.jpg,Articuno,144,train
526.jpg,Articuno,144,train
527.jpg,Articuno,144,train
528.jpg,Articuno,144,test
529.jpg,Articuno,144,train
530.jpg,Articuno,144,test
531.jpg,Pidgeotto,17,val
532.jpg,Pidgeotto,17,test
533.jpg,Pidgeotto,17,train
534.jpg,Pidgeotto,17,test
535.jpg,Pidgeotto,17,train
536.jpg,Pidgeotto,17,test
537.jpg,Pidgeotto,17,test
538.jpg,Pidgeotto,17,train
539.jpg,Pidgeotto,17,test
540.jpg,Pidgeotto,17,train
541.jpg,Weepinbell,70,val
542.jpg,Weepinbell,70,train
543.jpg,Weepinbell,70,train
544.jpg,Weepinbell,70,test
545.jpg,Weepinbell,70,test
546.jpg,Weepinbell,70,train
547.jpg,Weepinbell,70,train
548.jpg,Weepinbell,70,train
549.jpg,Weepinbell,70,test
550.jpg,Weepinbell,70,train
551.jpg,Ponyta,77,train
552.jpg,Ponyta,77,test
553.jpg,Ponyta,77,train
554.jpg,Ponyta,77,val
555.jpg,Ponyta,77,train
556.jpg,Ponyta,77,val
557.jpg,Ponyta,77,train
558.jpg,Ponyta,77,train
559.jpg,Ponyta,77,train
560.jpg,Ponyta,77,train
561.jpg,Slowpoke,79,val
562.jpg,Slowpoke,79,test
563.jpg,Slowpoke,79,test
564.jpg,Slowpoke,79,train
565.jpg,Slowpoke,79,test
566.jpg,Slowpoke,79,train
567.jpg,Slowpoke,79,test
568.jpg,Slowpoke,79,train
569.jpg,Slowpoke,79,val
570.jpg,Slowpoke,79,train
571.jpg,Porygon,137,train
572.jpg,Porygon,137,train
573.jpg,Porygon,137,train
574.jpg,Porygon,137,train
575.jpg,Porygon,137,test
576.jpg,Porygon,137,test
577.jpg,Porygon,137,val
578.jpg,Porygon,137,val
579.jpg,Porygon,137,train
580.jpg,Porygon,137,train
581.png,Bulbasaur,1,train
582.png,Bulbasaur,1,train
583.png,Bulbasaur,1,val
584.png,Bulbasaur,1,test
585.png,Bulbasaur,1,train
586.jpg,Bulbasaur,1,val
587.png,Bulbasaur,1,val
588.png,Bulbasaur,1,train
589.png,Bulbasaur,1,train
590.png,Bulbasaur,1,train
591.jpg,Eevee,133,train
592.jpg,Eevee,133,train
593.jpg,Eevee,133,val
594.jpg,Eevee,133,train
595.jpg,Eevee,133,train
596.jpg,Eevee,133,val
597.jpg,Eevee,133,train
598.jpg,Eevee,133,test
599.jpg,Eevee,133,train
600.jpg,Eevee,133,val
601.jpg,Victreebel,71,test
602.jpg,Victreebel,71,test
603.jpg,Victreebel,71,test
604.jpg,Victreebel,71,train
605.jpg,Victreebel,71,test
606.jpg,Victreebel,71,val
607.jpg,Victreebel,71,train
608.jpg,Victreebel,71,test
609.jpg,Victreebel,71,train
610.jpg,Victreebel,71,train
611.jpg,Magikarp,129,train
612.jpg,Magikarp,129,val
613.jpg,Magikarp,129,train
614.jpg,Magikarp,129,train
615.jpg,Magikarp,129,train
616.jpg,Magikarp,129,train
617.jpg,Magikarp,129,test
618.jpg,Magikarp,129,train
619.jpg,Magikarp,129,test
620.jpg,Magikarp,129,train
621.jpg,Raticate,20,train
622.jpg,Raticate,20,train
623.jpg,Raticate,20,test
624.jpg,Raticate,20,train
625.jpg,Raticate,20,train
626.jpg,Raticate,20,train
627.jpg,Raticate,20,train
628.jpg,Raticate,20,test
629.jpg,Raticate,20,train
630.jpg,Raticate,20,train
631.jpg,Nidorino,33,train
632.jpg,Nidorino,33,train
633.jpg,Nidorino,33,train
634.jpg,Nidorino,33,train
635.jpg,Nidorino,33,train
636.jpg,Nidorino,33,val
637.jpg,Nidorino,33,train
638.jpg,Nidorino,33,train
639.jpg,Nidorino,33,val
640.jpg,Nidorino,33,test
641.jpg,Krabby,98,val
642.jpg,Krabby,98,train
643.jpg,Krabby,98,train
644.jpg,Krabby,98,test
645.jpg,Krabby,98,test
646.jpg,Krabby,98,test
647.jpg,Krabby,98,val
648.jpg,Krabby,98,val
649.jpg,Krabby,98,train
650.jpg,Krabby,98,val
651.jpg,Sandshrew,27,train
652.jpg,Sandshrew,27,train
653.jpg,Sandshrew,27,test
654.jpg,Sandshrew,27,train
655.jpg,Sandshrew,27,train
656.jpg,Sandshrew,27,val
657.jpg,Sandshrew,27,train
658.jpg,Sandshrew,27,val
659.jpg,Sandshrew,27,val
660.jpg,Sandshrew,27,val
661.jpg,Pidgeot,18,train
662.jpg,Pidgeot,18,train
663.jpg,Pidgeot,18,val
664.jpg,Pidgeot,18,train
665.jpg,Pidgeot,18,train
666.jpg,Pidgeot,18,train
667.jpg,Pidgeot,18,train
668.jpg,Pidgeot,18,train
669.jpg,Pidgeot,18,test
670.jpg,Pidgeot,18,test
671.jpg,Blastoise,9,train
672.jpg,Blastoise,9,train
673.jpg,Blastoise,9,train
674.jpg,Blastoise,9,train
675.jpg,Blastoise,9,train
676.jpg,Blastoise,9,train
677.jpg,Blastoise,9,test
678.jpg,Blastoise,9,train
679.jpg,Blastoise,9,train
680.jpg,Blastoise,9,train
681.jpg,Vileplume,45,val
682.jpg,Vileplume,45,test
683.jpg,Vileplume,45,train
684.jpg,Vileplume,45,train
685.jpg,Vileplume,45,train
686.jpg,Vileplume,45,train
687.jpg,Vileplume,45,train
688.jpg,Vileplume,45,val
689.jpg,Vileplume,45,train
690.jpg,Vileplume,45,train
691.jpg,Charizard,6,train
692.jpg,Charizard,6,val
693.jpg,Charizard,6,val
694.jpg,Charizard,6,train
695.jpg,Charizard,6,val
696.jpg,Charizard,6,train
697.jpg,Charizard,6,train
698.jpg,Charizard,6,train
699.jpg,Charizard,6,train
700.jpg,Charizard,6,train
701.jpg,Nidoqueen,31,test
702.jpg,Nidoqueen,31,val
703.jpg,Nidoqueen,31,test
704.jpg,Nidoqueen,31,train
705.jpg,Nidoqueen,31,test
706.jpg,Nidoqueen,31,train
707.jpg,Nidoqueen,31,val
708.jpg,Nidoqueen,31,val
709.jpg,Nidoqueen,31,val
710.jpg,Nidoqueen,31,train
711.jpg,Beedrill,15,train
712.jpg,Beedrill,15,train
713.jpg,Beedrill,15,train
714.jpg,Beedrill,15,train
715.jpg,Beedrill,15,train
716.jpg,Beedrill,15,test
717.jpg,Beedrill,15,test
718.jpg,Beedrill,15,train
719.jpg,Beedrill,15,train
720.jpg,Beedrill,15,train
721.jpg,Electabuzz,125,train
722.jpg,Electabuzz,125,train
723.jpg,Electabuzz,125,test
724.jpg,Electabuzz,125,val
725.jpg,Electabuzz,125,train
726.jpg,Electabuzz,125,train
727.jpg,Electabuzz,125,train
728.jpg,Electabuzz,125,train
729.jpg,Electabuzz,125,train
730.jpg,Electabuzz,125,train
731.jpg,Pinsir,127,train
732.jpg,Pinsir,127,train
733.jpg,Pinsir,127,test
734.jpg,Pinsir,127,train
735.jpg,Pinsir,127,val
736.jpg,Pinsir,127,train
737.jpg,Pinsir,127,train
738.jpg,Pinsir,127,train
739.jpg,Pinsir,127,train
740.jpg,Pinsir,127,train
741.jpg,Machoke,67,train
742.jpg,Machoke,67,train
743.jpg,Machoke,67,train
744.jpg,Machoke,67,train
745.jpg,Machoke,67,train
746.jpg,Machoke,67,train
747.jpg,Machoke,67,train
748.jpg,Machoke,67,train
749.jpg,Machoke,67,train
750.jpg,Machoke,67,train
751.jpg,Venonat,48,test
752.jpg,Venonat,48,val
753.jpg,Venonat,48,val
754.jpg,Venonat,48,train
755.jpg,Venonat,48,train
756.jpg,Venonat,48,train
757.jpg,Venonat,48,train
758.jpg,Venonat,48,train
759.jpg,Venonat,48,val
760.jpg,Venonat,48,val
761.jpg,Flareon,136,train
762.jpg,Flareon,136,train
763.jpg,Flareon,136,train
764.jpg,Flareon,136,train
765.jpg,Flareon,136,train
766.jpg,Flareon,136,val
767.jpg,Flareon,136,train
768.jpg,Flareon,136,test
769.jpg,Flareon,136,test
770.jpg,Flareon,136,train
771.jpg,Drowzee,96,train
772.jpg,Drowzee,96,val
773.jpg,Drowzee,96,train
774.jpg,Drowzee,96,train
775.jpg,Drowzee,96,test
776.jpg,Drowzee,96,train
777.jpg,Drowzee,96,test
778.jpg,Drowzee,96,train
779.jpg,Drowzee,96,train
780.jpg,Drowzee,96,train
781.jpg,Dragonite,149,test
782.jpg,Dragonite,149,train
783.jpg,Dragonite,149,train
784.jpg,Dragonite,149,val
785.jpg,Dragonite,149,train
786.jpg,Dragonite,149,train
787.jpg,Dragonite,149,val
788.jpg,Dragonite,149,val
789.jpg,Dragonite,149,train
790.jpg,Dragonite,149,val
791.jpg,Ditto,132,train
792.jpg,Ditto,132,train
793.jpg,Ditto,132,train
794.jpg,Ditto,132,train
795.jpg,Ditto,132,test
796.jpg,Ditto,132,test
797.jpg,Ditto,132,test
798.jpg,Ditto,132,train
799.jpg,Ditto,132,train
800.jpg,Ditto,132,train
801.jpg,Cubone,104,val
802.jpg,Cubone,104,train
803.jpg,Cubone,104,train
804.jpg,Cubone,104,val
805.jpg,Cubone,104,val
806.jpg,Cubone,104,train
807.jpg,Cubone,104,train
808.jpg,Cubone,104,train
809.jpg,Cubone,104,train
810.jpg,Cubone,104,train
811.jpg,Seadra,117,train
812.jpg,Seadra,117,val
813.jpg,Seadra,117,train
814.jpg,Seadra,117,train
815.jpg,Seadra,117,train
816.jpg,Seadra,117,train
817.jpg,Seadra,117,train
818.jpg,Seadra,117,val
819.jpg,Seadra,117,val
820.jpg,Seadra,117,train
821.jpg,Pidgey,16,train
822.jpg,Pidgey,16,train
823.jpg,Pidgey,16,train
824.jpg,Pidgey,16,val
825.jpg,Pidgey,16,train
826.jpg,Pidgey,16,test
827.jpg,Pidgey,16,train
828.jpg,Pidgey,16,train
829.jpg,Pidgey,16,train
830.jpg,Pidgey,16,val
831.jpg,Nidoking,34,train
832.jpg,Nidoking,34,train
833.jpg,Nidoking,34,val
834.jpg,Nidoking,34,train
835.jpg,Nidoking,34,train
836.jpg,Nidoking,34,train
837.jpg,Nidoking,34,train
838.jpg,Nidoking,34,test
839.jpg,Nidoking,34,val
840.jpg,Nidoking,34,train
841.jpg,Hitmonchan,107,train
842.jpg,Hitmonchan,107,test
843.jpg,Hitmonchan,107,train
844.jpg,Hitmonchan,107,test
845.jpg,Hitmonchan,107,train
846.jpg,Hitmonchan,107,train
847.jpg,Hitmonchan,107,test
848.jpg,Hitmonchan,107,train
849.jpg,Hitmonchan,107,train
850.jpg,Hitmonchan,107,train
851.jpg,Abra,63,val
852.jpg,Abra,63,train
853.jpg,Abra,63,train
854.jpg,Abra,63,train
855.jpg,Abra,63,train
856.jpg,Abra,63,train
857.jpg,Abra,63,test
858.jpg,Abra,63,train
859.jpg,Abra,63,test
860.jpg,Abra,63,test
861.jpg,Aerodactyl,142,test
862.jpg,Aerodactyl,142,train
863.jpg,Aerodactyl,142,train
864.jpg,Aerodactyl,142,test
865.jpg,Aerodactyl,142,train
866.jpg,Aerodactyl,142,train
867.jpg,Aerodactyl,142,val
868.jpg,Aerodactyl,142,train
869.jpg,Aerodactyl,142,train
870.jpg,Aerodactyl,142,train
871.jpg,Jynx,124,train
872.jpg,Jynx,124,val
873.jpg,Jynx,124,val
874.jpg,Jynx,124,train
875.jpg,Jynx,124,train
876.jpg,Jynx,124,val
877.jpg,Jynx,124,train
878.jpg,Jynx,124,train
879.jpg,Jynx,124,train
880.jpg,Jynx,124,train
881.jpg,Kingler,99,test
882.jpg,Kingler,99,train
883.jpg,Kingler,99,val
884.jpg,Kingler,99,train
885.jpg,Kingler,99,train
886.jpg,Kingler,99,train
887.jpg,Kingler,99,test
888.jpg,Kingler,99,train
889.jpg,Kingler,99,train
890.jpg,Kingler,99,train
891.jpg,Persian,53,train
892.jpg,Persian,53,train
893.jpg,Persian,53,train
894.jpg,Persian,53,train
895.jpg,Persian,53,train
896.jpg,Persian,53,val
897.jpg,Persian,53,train
898.jpg,Persian,53,train
899.jpg,Persian,53,val
900.jpg,Persian,53,train
901.jpg,Onix,95,train
902.jpg,Onix,95,val
903.jpg,Onix,95,test
904.jpg,Onix,95,train
905.jpg,Onix,95,val
906.jpg,Onix,95,train
907.jpg,Onix,95,train
908.jpg,Onix,95,test
909.jpg,Onix,95,train
910.jpg,Onix,95,train
911.jpg,Zubat,41,val
912.jpg,Zubat,41,train
913.jpg,Zubat,41,train
914.jpg,Zubat,41,val
915.jpg,Zubat,41,train
916.jpg,Zubat,41,train
917.jpg,Zubat,41,train
918.jpg,Zubat,41,train
919.jpg,Zubat,41,train
920.jpg,Zubat,41,train
921.jpg,Nidorina,30,train
922.jpg,Nidorina,30,val
923.jpg,Nidorina,30,train
924.jpg,Nidorina,30,val
925.jpg,Nidorina,30,train
926.jpg,Nidorina,30,train
927.jpg,Nidorina,30,train
928.jpg,Nidorina,30,train
929.jpg,Nidorina,30,train
930.jpg,Nidorina,30,val
931.jpg,Jolteon,135,train
932.jpg,Jolteon,135,train
933.jpg,Jolteon,135,train
934.jpg,Jolteon,135,train
935.jpg,Jolteon,135,test
936.jpg,Jolteon,135,train
937.jpg,Jolteon,135,train
938.jpg,Jolteon,135,train
939.jpg,Jolteon,135,train
940.jpg,Jolteon,135,test
941.jpg,Snorlax,143,train
942.jpg,Snorlax,143,train
943.jpg,Snorlax,143,train
944.jpg,Snorlax,143,val
945.jpg,Snorlax,143,test
946.jpg,Snorlax,143,train
947.jpg,Snorlax,143,train
948.jpg,Snorlax,143,test
949.jpg,Snorlax,143,train
950.jpg,Snorlax,143,train
951.jpg,Parasect,47,val
952.jpg,Parasect,47,train
953.jpg,Parasect,47,train
954.jpg,Parasect,47,train
955.jpg,Parasect,47,train
956.jpg,Parasect,47,val
957.jpg,Parasect,47,train
958.jpg,Parasect,47,train
959.jpg,Parasect,47,train
960.jpg,Parasect,47,test
961.jpg,Gengar,94,train
962.jpg,Gengar,94,val
963.jpg,Gengar,94,train
964.jpg,Gengar,94,train
965.jpg,Gengar,94,train
966.jpg,Gengar,94,train
967.jpg,Gengar,94,train
968.jpg,Gengar,94,train
969.jpg,Gengar,94,test
970.jpg,Gengar,94,train
971.jpg,Koffing,109,train
972.jpg,Koffing,109,train
973.jpg,Koffing,109,train
974.jpg,Koffing,109,train
975.jpg,Koffing,109,train
976.jpg,Koffing,109,train
977.jpg,Koffing,109,train
978.jpg,Koffing,109,test
979.jpg,Koffing,109,train
980.jpg,Koffing,109,train
981.jpg,Electrode,101,train
982.jpg,Electrode,101,test
983.jpg,Electrode,101,train
984.jpg,Electrode,101,train
985.jpg,Electrode,101,train
986.jpg,Electrode,101,train
987.jpg,Electrode,101,train
988.jpg,Electrode,101,test
989.jpg,Electrode,101,train
990.jpg,Electrode,101,train
991.jpg,Seaking,119,train
992.jpg,Seaking,119,train
993.jpg,Seaking,119,train
994.jpg,Seaking,119,train
995.jpg,Seaking,119,train
996.jpg,Seaking,119,train
997.jpg,Seaking,119,train
998.jpg,Seaking,119,test
999.jpg,Seaking,119,test
1000.jpg,Seaking,119,test
1001.jpg,Rhyhorn,111,train
1002.jpg,Rhyhorn,111,train
1003.jpg,Rhyhorn,111,train
1004.jpg,Rhyhorn,111,train
1005.jpg,Rhyhorn,111,train
1006.jpg,Rhyhorn,111,train
1007.jpg,Rhyhorn,111,train
1008.jpg,Rhyhorn,111,train
1009.jpg,Rhyhorn,111,train
1010.jpg,Rhyhorn,111,train
1011.jpg,Rapidash,78,train
1012.jpg,Rapidash,78,train
1013.jpg,Rapidash,78,train
1014.jpg,Rapidash,78,test
1015.jpg,Rapidash,78,train
1016.jpg,Rapidash,78,train
1017.jpg,Rapidash,78,train
1018.jpg,Rapidash,78,val
1019.jpg,Rapidash,78,val
1020.jpg,Rapidash,78,train
1021.jpg,Machop,66,val
1022.jpg,Machop,66,train
1023.jpg,Machop,66,train
1024.jpg,Machop,66,test
1025.jpg,Machop,66,train
1026.jpg,Machop,66,val
1027.jpg,Machop,66,train
1028.jpg,Machop,66,train
1029.jpg,Machop,66,train
1030.jpg,Machop,66,val
1031.jpg,Magmar,126,train
1032.jpg,Magmar,126,train
1033.jpg,Magmar,126,val
1034.jpg,Magmar,126,train
1035.jpg,Magmar,126,train
1036.jpg,Magmar,126,test
1037.jpg,Magmar,126,train
1038.jpg,Magmar,126,train
1039.jpg,Magmar,126,test
1040.jpg,Magmar,126,val
1041.jpg,Muk,89,val
1042.jpg,Muk,89,train
1043.jpg,Muk,89,train
1044.jpg,Muk,89,test
1045.jpg,Muk,89,test
1046.jpg,Muk,89,train
1047.jpg,Muk,89,train
1048.asp,Muk,89,train
1049.jpg,Muk,89,train
1050.jpg,Muk,89,train
1051.jpg,Gyarados,130,train
1052.jpg,Gyarados,130,train
1053.jpg,Gyarados,130,train
1054.jpg,Gyarados,130,val
1055.jpg,Gyarados,130,train
1056.jpg,Gyarados,130,val
1057.jpg,Gyarados,130,train
1058.jpg,Gyarados,130,val
1059.jpg,Gyarados,130,val
1060.jpg,Gyarados,130,train
1061.jpg,Shellder,90,train
1062.jpg,Shellder,90,train
1063.jpg,Shellder,90,train
1064.jpg,Shellder,90,train
1065.jpg,Shellder,90,train
1066.jpg,Shellder,90,train
1067.jpg,Shellder,90,test
1068.jpg,Shellder,90,train
1069.jpg,Shellder,90,test
1070.jpg,Shellder,90,train
1071.jpg,Alakazam,65,train
1072.jpg,Alakazam,65,train
1073.jpg,Alakazam,65,test
1074.jpg,Alakazam,65,test
1075.jpg,Alakazam,65,train
1076.jpg,Alakazam,65,test
1077.jpg,Alakazam,65,train
1078.jpg,Alakazam,65,train
1079.jpg,Alakazam,65,train
1080.jpg,Alakazam,65,test
1081.jpg,Staryu,120,train
1082.jpg,Staryu,120,train
1083.jpg,Staryu,120,test
1084.jpg,Staryu,120,val
1085.jpg,Staryu,120,test
1086.jpg,Staryu,120,train
1087.jpg,Staryu,120,train
1088.jpg,Staryu,120,train
1089.jpg,Staryu,120,train
1090.jpg,Staryu,120,train
1091.jpg,Dratini,147,train
1092.jpg,Dratini,147,val
1093.jpg,Dratini,147,train
1094.jpg,Dratini,147,train
1095.jpg,Dratini,147,train
1096.jpg,Dratini,147,train
1097.jpg,Dratini,147,val
1098.jpg,Dratini,147,val
1099.jpg,Dratini,147,test
1100.jpg,Dratini,147,train
1101.jpg,Spearow,21,test
1102.jpg,Spearow,21,train
1103.jpg,Spearow,21,train
1104.jpg,Spearow,21,train
1105.jpg,Spearow,21,train
1106.jpg,Spearow,21,val
1107.jpg,Spearow,21,train
1108.jpg,Spearow,21,val
1109.jpg,Spearow,21,val
1110.jpg,Spearow,21,train
1111.jpg,Mr-Mime,122,train
1112.jpg,Mr-Mime,122,test
1113.jpg,Mr-Mime,122,train
1114.jpg,Mr-Mime,122,val
1115.jpg,Mr-Mime,122,test
1116.jpg,Mr-Mime,122,train
1117.jpg,Mr-Mime,122,train
1118.jpg,Mr-Mime,122,train
1119.jpg,Mr-Mime,122,train
1120.jpg,Mr-Mime,122,train
1121.jpg,Squirtle,7,test
1122.jpg,Squirtle,7,test
1123.png,Squirtle,7,train
1124.png,Squirtle,7,train
1125.jpg,Squirtle,7,train
1126.png,Squirtle,7,test
1127.jpg,Squirtle,7,val
1128.jpg,Squirtle,7,train
1129.jpg,Squirtle,7,train
1130.png,Squirtle,7,val
1131.jpg,Dragonair,148,test
1132.jpg,Dragonair,148,train
1133.jpg,Dragonair,148,val
1134.jpg,Dragonair,148,train
1135.jpg,Dragonair,148,train
1136.jpg,Dragonair,148,train
1137.jpg,Dragonair,148,train
1138.jpg,Dragonair,148,test
1139.jpg,Dragonair,148,val
1140.jpg,Dragonair,148,val
1141.jpg,Lapras,131,train
1142.jpg,Lapras,131,train
1143.jpg,Lapras,131,test
1144.jpg,Lapras,131,train
1145.jpg,Lapras,131,train
1146.jpg,Lapras,131,train
1147.jpg,Lapras,131,train
1148.jpg,Lapras,131,train
1149.jpg,Lapras,131,train
1150.jpg,Lapras,131,train
1151.jpg,Venusaur,3,test
1152.jpg,Venusaur,3,train
1153.jpg,Venusaur,3,test
1154.jpg,Venusaur,3,train
1155.jpg,Venusaur,3,train
1156.jpg,Venusaur,3,train
1157.jpg,Venusaur,3,train
1158.jpg,Venusaur,3,test
1159.jpg,Venusaur,3,train
1160.jpg,Venusaur,3,train
1161.jpg,Zapdos,145,train
1162.jpg,Zapdos,145,train
1163.jpg,Zapdos,145,train
1164.jpg,Zapdos,145,test
1165.jpg,Zapdos,145,val
1166.jpg,Zapdos,145,train
1167.jpg,Zapdos,145,train
1168.jpg,Zapdos,145,val
1169.jpg,Zapdos,145,train
1170.jpg,Zapdos,145,train
1171.jpg,Lickitung,108,train
1172.jpg,Lickitung,108,train
1173.jpg,Lickitung,108,train
1174.jpg,Lickitung,108,train
1175.jpg,Lickitung,108,test
1176.jpg,Lickitung,108,test
1177.jpg,Lickitung,108,train
1178.jpg,Lickitung,108,train
1179.jpg,Lickitung,108,train
1180.jpg,Lickitung,108,train
1181.jpg,Gloom,44,train
1182.jpg,Gloom,44,train
1183.jpg,Gloom,44,train
1184.jpg,Gloom,44,train
1185.jpg,Gloom,44,train
1186.jpg,Gloom,44,train
1187.jpg,Gloom,44,test
1188.jpg,Gloom,44,train
1189.jpg,Gloom,44,train
1190.jpg,Gloom,44,test
1191.jpg,Magneton,82,val
1192.jpg,Magneton,82,train
1193.jpg,Magneton,82,train
1194.jpg,Magneton,82,val
1195.jpg,Magneton,82,train
1196.jpg,Magneton,82,train
1197.jpg,Magneton,82,train
1198.jpg,Magneton,82,train
1199.jpg,Magneton,82,train
1200.jpg,Magneton,82,test
1201.jpg,Growlithe,58,test
1202.jpg,Growlithe,58,train
1203.jpg,Growlithe,58,train
1204.jpg,Growlithe,58,val
1205.jpg,Growlithe,58,train
1206.jpg,Growlithe,58,test
1207.jpg,Growlithe,58,test
1208.jpg,Growlithe,58,val
1209.jpg,Growlithe,58,test
1210.jpg,Growlithe,58,test
1211.jpg,Metapod,11,train
1212.jpg,Metapod,11,val
1213.jpg,Metapod,11,train
1214.jpg,Metapod,11,train
1215.jpg,Metapod,11,train
1216.jpg,Metapod,11,train
1217.jpg,Metapod,11,train
1218.jpg,Metapod,11,train
1219.jpg,Metapod,11,train
1220.jpg,Metapod,11,val
1221.jpg,Gastly,92,train
1222.jpg,Gastly,92,train
1223.jpg,Gastly,92,train
1224.jpg,Gastly,92,val
1225.jpg,Gastly,92,train
1226.jpg,Gastly,92,train
1227.jpg,Gastly,92,val
1228.jpg,Gastly,92,train
1229.jpg,Gastly,92,train
1230.jpg,Gastly,92,train
1231.jpg,Ivysaur,2,test
1232.jpg,Ivysaur,2,train
1233.jpg,Ivysaur,2,train
1234.jpg,Ivysaur,2,train
1235.jpg,Ivysaur,2,train
1236.jpg,Ivysaur,2,train
1237.jpg,Ivysaur,2,train
1238.jpg,Ivysaur,2,train
1239.jpg,Ivysaur,2,train
1240.jpg,Ivysaur,2,train
1241.jpg,Diglett,50,train
1242.jpg,Diglett,50,train
1243.jpg,Diglett,50,train
1244.jpg,Diglett,50,train
1245.jpg,Diglett,50,train
1246.jpg,Diglett,50,train
1247.jpg,Diglett,50,val
1248.jpg,Diglett,50,train
1249.jpg,Diglett,50,train
1250.jpg,Diglett,50,train
1251.png,Mewtwo,150,test
1252.jpg,Mewtwo,150,train
1253.png,Mewtwo,150,train
1254.jpg,Mewtwo,150,train
1255.jpg,Mewtwo,150,test
1256.png,Mewtwo,150,train
1257.jpg,Mewtwo,150,val
1258.png,Mewtwo,150,train
1259.jpg,Mewtwo,150,train
1260.jpg,Mewtwo,150,train
1261.jpg,Poliwhirl,61,val
1262.jpg,Poliwhirl,61,val
1263.jpg,Poliwhirl,61,train
1264.jpg,Poliwhirl,61,test
1265.jpg,Poliwhirl,61,train
1266.jpg,Poliwhirl,61,test
1267.jpg,Poliwhirl,61,train
1268.jpg,Poliwhirl,61,train
1269.jpg,Poliwhirl,61,train
1270.jpg,Poliwhirl,61,train
1271.jpg,Venomoth,49,test
1272.jpg,Venomoth,49,train
1273.jpg,Venomoth,49,test
1275.jpg,Venomoth,49,train
1276.jpg,Venomoth,49,train
1277.jpg,Venomoth,49,train
1278.jpg,Venomoth,49,test
1279.jpg,Venomoth,49,train
1280.jpg,Venomoth,49,train
1281.jpg,Machamp,68,train
1282.jpg,Machamp,68,train
1283.jpg,Machamp,68,train
1284.jpg,Machamp,68,train
1285.jpg,Machamp,68,val
1286.jpg,Machamp,68,test
1287.jpg,Machamp,68,train
1288.jpg,Machamp,68,train
1289.jpg,Machamp,68,train
1290.jpg,Machamp,68,val
1291.jpg,Dewgong,87,train
1292.jpg,Dewgong,87,test
1293.jpg,Dewgong,87,train
1294.jpg,Dewgong,87,train
1295.jpg,Dewgong,87,train
1296.jpg,Dewgong,87,train
1297.jpg,Dewgong,87,test
1298.jpg,Dewgong,87,train
1299.jpg,Dewgong,87,test
1300.jpg,Dewgong,87,test
1301.jpg,Slowbro,80,train
1302.jpg,Slowbro,80,test
1303.jpg,Slowbro,80,train
1304.jpg,Slowbro,80,train
1305.jpg,Slowbro,80,train
1306.png,Slowbro,80,train
1307.jpg,Slowbro,80,train
1308.jpg,Slowbro,80,val
1309.jpg,Slowbro,80,test
1310.jpg,Slowbro,80,train
1311.jpg,Exeggutor,103,train
1312.jpg,Exeggutor,103,train
1313.jpg,Exeggutor,103,train
1315.jpg,Exeggutor,103,val
1316.jpg,Exeggutor,103,val
1317.jpg,Exeggutor,103,train
1318.jpg,Exeggutor,103,train
1319.jpg,Exeggutor,103,val
1320.jpg,Exeggutor,103,train
1321.jpg,Mankey,56,train
1322.jpg,Mankey,56,train
1323.jpg,Mankey,56,val
1324.jpg,Mankey,56,train
1325.jpg,Mankey,56,test
1326.jpg,Mankey,56,val
1327.jpg,Mankey,56,train
1328.jpg,Mankey,56,train
1329.jpg,Mankey,56,train
1330.jpg,Mankey,56,train
1331.jpg,Ekans,23,train
1332.jpg,Ekans,23,val
1333.jpg,Ekans,23,train
1334.jpg,Ekans,23,val
1335.jpg,Ekans,23,val
1336.jpg,Ekans,23,test
1337.jpg,Ekans,23,train
1338.jpg,Ekans,23,train
1339.jpg,Ekans,23,val
1340.jpg,Ekans,23,train
1341.jpg,Horsea,116,train
1342.jpg,Horsea,116,train
1343.jpg,Horsea,116,train
1344.jpg,Horsea,116,train
1345.jpg,Horsea,116,train
1346.jpg,Horsea,116,train
1347.jpg,Horsea,116,train
1348.jpg,Horsea,116,train
1349.jpg,Horsea,116,test
1350.jpg,Horsea,116,train
1351.jpeg,Jigglypuff,39,val
1352.jpg,Jigglypuff,39,train
1353.jpg,Jigglypuff,39,val
1354.jpg,Jigglypuff,39,train
1355.jpg,Jigglypuff,39,train
1356.jpg,Jigglypuff,39,test
1357.jpg,Jigglypuff,39,train
1358.jpg,Jigglypuff,39,train
1359.jpg,Jigglypuff,39,train
1360.jpg,Jigglypuff,39,train
1361.jpg,Farfetchd,83,train
1362.jpg,Farfetchd,83,train
1363.jpg,Farfetchd,83,train
1364.jpg,Farfetchd,83,val
1365.jpg,Farfetchd,83,train
1366.jpg,Farfetchd,83,train
1367.jpg,Farfetchd,83,train
1368.jpg,Farfetchd,83,train
1369.jpg,Farfetchd,83,train
1370.jpg,Farfetchd,83,train
1371.jpg,Primeape,57,train
1372.jpg,Primeape,57,train
1373.jpg,Primeape,57,test
1374.jpg,Primeape,57,val
1375.jpg,Primeape,57,train
1376.jpg,Primeape,57,train
1377.jpg,Primeape,57,train
1378.jpg,Primeape,57,train
1379.jpg,Primeape,57,val
1380.jpg,Primeape,57,val
1381.jpg,Moltres,146,train
1382.jpg,Moltres,146,test
1383.jpg,Moltres,146,train
1384.jpg,Moltres,146,train
1385.jpg,Moltres,146,train
1386.jpg,Moltres,146,test
1387.jpg,Moltres,146,train
1388.jpg,Moltres,146,train
1389.jpg,Moltres,146,train
1390.jpg,Moltres,146,val
1391.jpg,Tentacool,72,test
1392.jpg,Tentacool,72,train
1393.jpg,Tentacool,72,train
1394.jpg,Tentacool,72,train
1395.jpg,Tentacool,72,train
1396.jpg,Tentacool,72,train
1397.jpg,Tentacool,72,train
1398.jpg,Tentacool,72,train
1399.jpg,Tentacool,72,train
1400.jpg,Tentacool,72,test
1401.jpg,Poliwrath,62,train
1402.jpg,Poliwrath,62,train
1403.jpg,Poliwrath,62,train
1404.jpg,Poliwrath,62,train
1405.jpg,Poliwrath,62,train
1406.jpg,Poliwrath,62,train
1407.jpg,Poliwrath,62,train
1408.jpg,Poliwrath,62,val
1409.jpg,Poliwrath,62,train
1410.jpg,Poliwrath,62,train
1411.jpg,Kakuna,14,train
1412.jpg,Kakuna,14,train
1413.jpg,Kakuna,14,train
1414.jpg,Kakuna,14,train
1415.jpg,Kakuna,14,val
1416.jpg,Kakuna,14,train
1417.jpg,Kakuna,14,test
1418.jpg,Kakuna,14,train
1419.jpg,Kakuna,14,train
1420.jpg,Kakuna,14,train
1421.jpg,Mew,151,train
1422.jpg,Mew,151,train
1423.jpg,Mew,151,train
1424.jpg,Mew,151,train
1425.jpg,Mew,151,train
1426.jpg,Mew,151,train
1427.jpg,Mew,151,train
1428.jpg,Mew,151,train
1429.jpg,Mew,151,train
1430.jpg,Mew,151,train
1431.jpg,Charmeleon,5,train
1432.jpg,Charmeleon,5,train
1433.jpg,Charmeleon,5,train
1434.jpg,Charmeleon,5,train
1435.jpg,Charmeleon,5,test
1436.jpg,Charmeleon,5,train
1437.jpg,Charmeleon,5,train
1438.jpg,Charmeleon,5,test
1439.jpg,Charmeleon,5,train
1440.jpg,Charmeleon,5,train
1441.jpg,Cloyster,91,train
1442.jpg,Cloyster,91,train
1443.jpg,Cloyster,91,train
1444.jpg,Cloyster,91,train
1445.jpg,Cloyster,91,train
1446.jpg,Cloyster,91,train
1447.jpg,Cloyster,91,train
1448.jpg,Cloyster,91,train
1449.jpg,Cloyster,91,train
1450.jpg,Cloyster,91,test
1451.jpg,Kabuto,140,train
1452.jpg,Kabuto,140,train
1453.jpg,Kabuto,140,train
1454.jpg,Kabuto,140,train
1455.jpg,Kabuto,140,train
1456.jpg,Kabuto,140,train
1457.jpg,Kabuto,140,train
1458.jpg,Kabuto,140,test
1459.jpg,Kabuto,140,val
1460.jpg,Kabuto,140,train
1461.jpg,Meowth,52,train
1462.jpg,Meowth,52,val
1463.jpg,Meowth,52,test
1464.jpg,Meowth,52,train
1465.jpg,Meowth,52,train
1466.jpg,Meowth,52,train
1467.jpg,Meowth,52,test
1468.jpg,Meowth,52,test
1469.jpg,Meowth,52,train
1470.jpg,Meowth,52,train
1471.jpg,Poliwag,60,val
1472.jpg,Poliwag,60,train
1473.jpg,Poliwag,60,train
1474.jpg,Poliwag,60,train
1475.jpg,Poliwag,60,train
1476.jpeg,Poliwag,60,train
1477.jpg,Poliwag,60,test
1478.jpg,Poliwag,60,train
1479.jpg,Poliwag,60,train
1480.jpg,Poliwag,60,test
1481.jpg,Hypno,97,train
1482.jpg,Hypno,97,train
1483.jpg,Hypno,97,train
1484.jpg,Hypno,97,test
1485.jpg,Hypno,97,val
1486.jpg,Hypno,97,train
1487.jpg,Hypno,97,val
1488.jpg,Hypno,97,train
1489.jpg,Hypno,97,train
1490.jpg,Hypno,97,train
1491.jpg,unlabelled,152,train
1492.jpg,unlabelled,152,train
1493.jpg,unlabelled,152,test
1494.jpg,unlabelled,152,train
1495.jpg,unlabelled,152,train
1496.jpg,unlabelled,152,train
1497.jpg,unlabelled,152,val
1498.jpg,unlabelled,152,test
1499.jpg,unlabelled,152,train
1500.jpg,unlabelled,152,train
